BSMFRS,
BAD4SS,
UTH8ER,
TMYBTCH,
VGINA,
TIT*BMW,
MPGWTF,
USA999,
ONEUHB,
ILVMTH,
THO@69,
LAT@69,
RIC*69,
DILF,
FUBAMA,
LWBTCH,
90 DPS,
THEAD,
DOPEA4,
FUKY3A,
TITAYS,
TBEOTCH,
AZWUPA,
KULASS,
ASKIKN,
EAT*M3,
HRNYT,
BLAZED,
YOLOMF,
,
RUCH OFF,
TXBTCH,
DAM*IML8,
BAMOFOS,
F4H*Q2,
EXEMPTT,
PEN15,
OBAMA SX,
GO TOPLS,
ASKIKN,
ASASSIN,
2HI4U2,
DATAZZ,
BBYKLR,
750*HOE,
MRDR*M3,
BUCKFN,
GANGSTR,
DWIDUDE,
TT-GRL,
SCHMUK,
KILLNM,
TWTFE,
SSKILR,
BYT3ME,
TBAG1,
IBUTHO,
KILLNM,
THONKEY,
CHOOTM,
DAHM,
IBUTHO,
DR.DRG,
MACANA,
OUSUX5,
BOLUDO,
B5MFR5,
NO@HOE,
LUVROD,
FBI 00,
GILF-1,
69 TME,
BOLUDO,
NEED SEX,
SSHOLE,
HMF,
I@RAKS,
IMHIGH,
TSLSCRW,
HVNSX,
SSWHPN,
UDFKM,
KILLA J,
750HOE,
TBDMOFO,
KT 911,
IMHIGH,
69BABY,
BPOKN,
MJR BLZ,
SLSCRW,
TBAD4SS,
TIH5 ON,
FN GO,
T8BAL,
BAGRRR,
CHC*69,
SSWIPN,
ZZWHPN,
IMAB*RU,
GO2HEL,
BOOTY1,
BLDBTH,
OGNKAF,
HIGH,
TRITE69,
NOYFB,
MRDER,
DONGS,
TIBS,
IO*HKR,
SNORT,
KILLA J,
4NCK8,
F ENZO,
TBABAG9,
BLO 1,
BQQTY,
KONYO,
MERC*IT,
LUVM8R,
GOT*911,
TX*TSH,
TIV@RX,
TITS OK,
THOSER,
TBIKEME,
BUZZIN,
B1RDUP,
57 FKR,
TFN-GO,
THLRAZR,
IDGAF,
POKER2,
CHV H8R,
EFF YU,
BUCKFN,
HMF,
BOHIC4,
WTFPEG,
OMGBMF,
TSHZNIT,
FKN*TX,
KLLR,
TRASS-2,
69*SNK,
H8DALL,
TCOOTER,
B.DOPE,
504QUE,
SWAT99,
D4MNED,
HOJOE,
ON KILL,
SEKZ,
69-DDK,
STALKN,
CAZZO,
BRDZUP,
UPANZY,
REDRM,
SWATT1,
BGWOOD,
TCUMMIN,
HOJOE,
2HLLWG,
USA427,
TSLAYER,
BMF 0,
THTSPRS,
FKASNR,
TGUNRUN,
TSPEED,
EAC69,
MVURAZ,
PUCKIT,
SEN8TR,
CRZYHO,
TEXFN1,
BLDBTH,
TRISHO,
HLLYES,
AGISUX,
DHOOKR,
MUD4ME,
FU*KKU,
SLUTRK,
5NIP3R,
TAS*911,
SD@SPEED,
TYDH8R,
BMFZR1,
TR8DRUM,
T2DMBAD,
69 BEE,
DHOOKR,
MADDPS,
KLNWL,
BYEDAM,
OMG@69,
TYDHDR,
ROY-69,
EMS*23,
HASH-2,
SPRKUP,
TITSBIG,
SCLP3M,
CUMAGN,
HLLYES,
SPRKUP,
BYEDAM,
OH CRAP,
YUK FU,
5MOKM,
DICK29,
EMS DO,
TE4BAG,
BTTW,
HRNSUK,
BAD*S1,
TBADAS5,
TUMADRE,
BMFDZL,
GTFOH,
BOO8Y5,
BAMF03,
2WD KLR,
CIA 1,
ATF*23,
BAMF 03,
BMFDZL,
USA427,
SEN8TR,
TR3DRUM,
TRHDRUM,
BMFZR1,
ICE 10,
IMPACN,
TDBLTAP,
ATF23,
I@2FUK,
CHUVIT,
GYB*HO,
FAQJAK,
TDEEPNU,
SMD@69,
GT KLLR,
EMS DO,
KILLIT,
IYAFKR,
AFAG,
FUGEM,
BOSUX,
GVUPMF,
HOOKIN,
JEPKLR,
GOTIT2,
TFUKOFF,
POLIC3,
CRMNAL,
FNFSTR,
F * YES,
A BAMF,
THUMM3R,
CIA 1,
GYB*HO,
AFAG,
CUMAGN,
IHMPU,
JLOBUT,
HOEIN,
GOVNR,
1BMF3B,
TTHEAD,
BADAAS,
CCFCU,
2FNFAS,
VALLUCO,
TSNIPR5,
FK*O8MA,
00WTF,
POOP,
DAMOO,
MTHFUC,
PUSMAG,
FNBOOT,
TRUCKU,
F*BOMA,
I@BOOBS,
JLOBUT,
GYBEHO,
PSY 69,
FPD,
SD@SPEED,
TRU@DTF,
911EMS,
NO POPO,
DTF2DY,
EF*O8MA,
APD-13,
TPENIS,
QTBCHN,
FJCK...,
LIBH8R,
TIBOOST,
TPHUKET,
BAGG3R,
FUTWO,
TSTFU,
FKMNK,
4OR PLAY,
GT BALLS,
HITMANN,
HALS*AZZ,
FORK3M,
NISMOFO,
RSMYBCH,
KLLNME,
TESTICL,
FNMOBL,
REDBTCH,
F*BOMR,
H8UOFA,
OLDFKR,
RUNMOVR,
4RK EM,
BDASS68,
4ORKEM,
FU JOBU,
FU*NRA,
FORKUM,
FUN 69,
HALAS,
TRU@DTF,
TPENIS,
TOPLE5S,
THITMEN,
SMOKE*EM,
BOO5TD,
K9-UNIT1,
PHAT E,
DRGNUP,
GUVNAH,
HB-NCHRG,
TEATMEE,
UHORNY,
00-CIA,
RUNMOVR,
4ORPLAY,
GIVEML,
FBOMR,
FORK3M,
NISMOFO,
DRGNUP,
TPHUKET,
BADAS68,
TX*09,
OHCHIT,
BDAS67,
TCHOCHO,
FBIMUV,
FORDSUX,
NG4BCN,
HONK3Y,
HB-NCHRG,
TOPLE5S,
TCHOCHO,
FORKUM,
KLPOPS,
HOE-SS,
TBLOW,
K9-UNIT1,
R U DTF,
2BLK4U,
PORKEM,
HOE-SS,
EATIHS,
AB1TCH,
ANYBCH,
FRAC-U,
TEX-BS,
WTF JK,
GFYSLF,
SLO HOE,
DZ*NTS,
PORKEM,
TBLOW,
TBAD*B,
EATHIS,
PPLSUK,
TDOPE,
TGITUSM,
SPEED DR,
SENATE,
FFN69,
ATF,
KLPOPS,
TYDSUX,
RENOB,
BMF*TRK,
TGITUSM,
SENATE,
MILT9,
GR8SAX,
TKOONAZ,
ATF,
DATA55,
QTA55,
TEXBIA,
TKILNEM,
BDASSS,
BAMF01,
WACOJP,
FK YEA,
DA HAZE,
MF,
PPLHAZ,
BAGHER,
GTHLSU,
TSYNCOP,
KAT@69,
SSTUSH,
TBGNUTS,
WACOJP,
MF,
2LAZ2P,
TUS-GOV,
F0RKIT,
FW1TM3,
FORKU,
MYNUNU,
FBHO,
DA HAZE,
455MAN,
URFUCT,
MYNUNU,
CHITI,
DCK*69,
N3GRO*,
H8DAL,
MPOOPY,
SLT WRK,
KLLR QN,
KILLIT,
HUMP-N,
IMHBIC,
TISBICH,
RYADTF,
E 5HIT,
CYABUB,
TITFLYS,
PUPU,
K5MYSS,
BDMFKR,
CIA 65,
BADASV,
C-SUKS,
TOP DPS,
FU*JIM,
HELNAW,
MPOOPY,
TKAT-69,
FTROPS,
GMKLR,
INSCHK,
LT*GOV,
TASSHOL,
64THP,
SLTWRK,
RPSCKS,
DRDLR,
64THP,
HUMP-N,
IFUC4N,
F@@K @,
FAWKS,
HD4ME,
NGNERD,
PINGA,
TAZZKKR,
T1TT13S,
TIB9UB6,
BBKLR,
FAWKS,
EFF YEA,
T*TTFU*,
INSCHK,
O HELL,
H8TFCD,
TBLO,
FN JK,
HALSAS,
KLLITT,
BAGRR,
CYABUB,
HUMPIN,
KOTFU,
TTXCIA,
DR NUT,
FKCNCR,
MPGSUX,
ME5KIN,
KOTFU,
OHUSUX,
FKCNCR,
SICKAF,
UAH00,
AZZ HO,
TFKCNCR,
RTFU,
TITZ4ME,
TREDNK1,
SNAFU 3,
FOURKU,
BGPMPN,
LSUSUX,
TBLO,
BMF4X4,
T4TATAS,
ME5KIN,
JUMP ME,
911POO,
TADD1CT,
SNAFU 3,
TITZ4ME,
ONCRK,
FVCK EM,
YABISH,
FN BADAZ,
TUF SH1T,
WHT*TRSH,
DAMGOOD,
BCH TECH,
IFARTED,
FVCK IT,
BDAZ BMW,
BMF4X4,
DALSUX,
BMF90,
DUMB ASS,
70*BMF,
BLAQ ICE,
TOP LS,
WTF*SH,
TBGPMPN,
K1K1N A,
TITZ M3,
COPTZR,
HAIL YES,
CHOOTEM,
4PLY4FN,
OU-H8TR,
XL WOOD,
MP*SGT,
POTBRA,
*CMYN*,
CMYASS,
HEY STFU,
TBAGGG,
GT KILLR,
FK MPG,
69 DAT,
ITS 69,
69HONY,
HUMMERR,
XL WOOD,
IM HMFIC,
TAPTHIS,
FNRIDE,
69HONY,
TUZINHO,
LSUSUX,
IM HMFIC,
TITSSLO,
GOTWOOD,
69 DAT,
T4NIC8N,
FNK BS,
HAIL YES,
K1K1N A,
4PLY4FN,
TICE,
WTF ISIT,
TAPTHIS,
TUZINHO,
PHO@Q,
PORTPD,
BOOTLEG,
N1G4WUT,
DAMGOOD,
FU*PERRY,
FUUCKIT,
FKN BS,
H8NCALI,
TNIGNOG,
URSODUM,
GUVNR,
TRUFKM,
COMMISH,
GUVNR,
GOTWOOD,
FUB044,
FU PPL,
GUV,
NOA00,
FIATCH,
FNHRD,
TBRNSKN,
NFIDEL2,
NFIDEL1,
IFARTED,
SSWUPN,
FUBARR,
HALE YES,
STROKN,
MDL*FGR,
I@TATAS,
FNCLR,
FAT SS,
TOP LS,
SNAFU5,
TROBAR,
TITFREE,
TTOPLIS,
BHSUX,
ATF 15,
FUKMPG,
NO@BHO,
SNFU,
TIDGAF,
BGRPTR,
TBUMBUM,
BUMBUM,
KNGKIE,
EZYKLR,
ILL.69,
TX R R C,
DAMB,
ASKKR,
E*HO*LAY,
GUATE,
LUCKYB,
COMMISH,
HALE YES,
1BADMO4,
EFBAMA,
WTFWGKD,
HELL RZR,
TAINT,
DATTAS,
TDROBAR,
BTNG U,
PHO@Q,
I@BOOB5,
POOPY,
BTNG U,
TDUCK U,
I@BOOB5,
STROKN,
RUMP,
SASSY8,
MDL*FGR,
USA 01,
