Plate Number,,,,
BADA55,,,,
GUNTA,,,,
MASHOL,,,,
FORKIT,,,,
FX76,,,,
MNGYA,,,,
GTFO,,,,
FUUFF,,,,
STRIPR,,,,
GUSHA,,,,
XKCCOX,,,,
FBOMB,,,,
AASSAA,,,,
FUOCO,,,,
SMUSH,,,,
GOTTRQ,,,,
BDAS,,,,
MFGO13,,,,
BGPIG2,,,,
CQQL55,,,,
CQW,,,,
PSSHD,,,,
ASSI1,,,,
AQQQA,,,,
KWARQ5,,,,
DBALLZ,,,,
AZOLDS,,,,
KIKGAS,,,,
NOGAF,,,,
FOTOG,,,,
PRIX,,,,
OYATQ,,,,
ZASS1,,,,
AQSA1,,,,
CHULO,,,,
ARYAN1,,,,
LICPLT,,,,
BFHS09,,,,
DEKO00,,,,
IFFAH,,,,
ITAPIT,,,,
FAWAKA,,,,
FVK,,,,
WTF65,,,,
RRGSM,,,,
MLKMNY,,,,
TNSGYR,,,,
EVLDVE,,,,
ASTROD,,,,
