Requested Plate Configuration,,
8888,,
88888,,
888888,,
8882288,,
0000HEKE,,
00HARLEY,,
00HSNAP,,
00X51,,
01QQ100,,
0413MD,,
05BONE,,
060IN3,,
0BES1TY,,
0CO2,,
0COLLEGE,,
0CORO,,
0DARK30,,
0DARK3O,,
0H01ST,,
0H5HIT,,
0IT2DAD,,
0JILL,,
0LAF68,,
0PT1CS,,
0PT1M1ST,,
0R1GNL,,
0SURF0,,
0TO100,,
0TO3,,
0USA1,,
0UTAT1M3,,
0XXX0,,
1010VAS,,
111I111,,
11I1I1I1,,
11II11II,,
11III1I,,
11LL111,,
1911COLT,,
1965KUNT,,
1BADAZ45,,
1BADAZ4U,,
1BADHOE,,
1D1DITI,,
1II1111I,,
1II11I11,,
1IIII1,,
1KUKU,,
1LOV691N,,
1LOV69IN,,
1O111,,
1O1O1,,
1OO1OO,,
1R0E,,
1TOUCH69,,
20I3,,
2FVKNFST,,
2GRLZ1CP,,
2I,,
2N1TEDTF,,
2NITEDTF,,
30NTREE,,
3RDLEG,,
420HEMP,,
45COLT,,
45KOLT,,
4B00G,,
4I,,
4KNPRBLM,,
4NIK8R,,
51893JY,,
5I,,
5N0YTE,,
5S55SS5S,,
69AVE0,,
69DIP,,
77BB777,,
77PP777,,
77ZZ777,,
7I,,
7O442,,
8008S,,
8888888L,,
88AA888,,
88B88B8B,,
88SS888,,
8ADA455,,
8ADA4S5,,
8ADA4SS,,
8ADA55,,
8ADASS,,
8B8B88B,,
8I,,
8L0WM3,,
9I,,
9MM,,
A02099,,
A55HOL,,
A5HOLE,,
AAA000,,
AAAOOO,,
AFI0I,,
AHHSHET,,
AKBARS,,
AMMONYC,,
AREUWET,,
AREYUWET,,
ARUWET,,
ARUWETT,,
ASZMANN,,
AYITI0H,,
AZSTMPR,,
B00BIESS,,
B00BS,,
B0OBIESS,,
B0WSER,,
B1ATCH1,,
B1GPP,,
B2631994,,
B4DA55,,
B5T00N,,
B8888B,,
B88B8,,
B88B8BB,,
B88BB8B8,,
B8B888B,,
B8B8B,,
B8B8B8,,
B8B8B88,,
B8B8B8BB,,
B8B8BB8,,
BA11SOUT,,
BADA22,,
BADA5S,,
BADASV,,
BALOWME,,
BALSD33P,,
BALSONYA,,
BALZONYA,,
BBB8BB,,
BBYRU18,,
BDAZCB,,
BDAZVT,,
BIGAZTRK,,
BIGRACKS,,
BIGS00,,
BIOTCHH,,
BL0WME,,
BLKPNTHR,,
BLOWME,,
BMWLMAO,,
BO0BIESS,,
BONE69,,
BOO00ST,,
BOOB1E,,
BOOBIE,,
BOOBIESS,,
BOOZMC,,
BR4ZZERS,,
BSGD,,
BSHWACKR,,
BUL5HIT,,
BUZZK1LL,,
BYELMAO,,
CAPTDCK,,
CARO3,,
CATSA55,,
CHOOCH14,,
CLASYBCH,,
CLSYBCH,,
CODEEDP,,
COORS,,
CRZYMF,,
CUL8RMF,,
CUNX2SD,,
CUNXT2D,,
CYABICH,,
D0DO0D,,
DABYTCH,,
DACO01,,
DAT4SS,,
DBLMAGNM,,
DEADPREZ,,
DEDPREZ,,
DEMSLIE,,
DESPRAD0,,
DEUCHBAG,,
DIP69,,
DOEHOE,,
DOUBIA,,
DRUGTST,,
DTF2N1TE,,
DTF2NITE,,
DTF69,,
DTFT0NIT,,
DTFTON1T,,
DTFTONIT,,
DULABONE,,
DWIHNTR,,
EAXOOOO,,
EFNBAD,,
EFOFF,,
EMS353,,
EMSMEDIC,,
FAHKEW,,
FAKYEW,,
FANGOOL,,
FAPPIN,,
FAQYEW,,
FAQYEWW,,
FAQYEWWW,,
FATAS5,,
FATBASTD,,
FATBSTAD,,
FATTSO,,
FAUCOUGH,,
FCYAHBRO,,
FHUKEM,,
FIVE0HH,,
FL45HME,,
FN10PIN,,
FNBLUE,,
FNFAAST,,
FNLOCO,,
FNSLOW,,
FNXXNUTZ,,
FONE,,
FOP264,,
FOPEC,,
FOXY69,,
FQYEW,,
FRIGGN,,
FTBASTAD,,
FTBASTRD,,
FTBSTD,,
FTBSTRD,,
FTHIS100,,
FU,,
FUARMED2,,
FUFHER2,,
FUU,,
FYOOOUUU,,
FYOOUUUU,,
FYOUU,,
FYOUUU,,
FYOUUUU,,
FYOUUUUU,,
FYUPAYME,,
FYUUUU,,
G00B13,,
G00DX,,
G0AL1,,
G0LD3N,,
G370WND,,
GEICO,,
GERMAN0,,
GERT69,,
GETHIGH,,
GETJACKD,,
GITTSUM,,
GITTTYUP,,
GNSNAMMO,,
GOATSACK,,
GOPLDR,,
GOTTAP,,
GOVERNOR,,
GPG00HCK,,
GR0UNDUP,,
GRAPPA,,
GRASHOE,,
GTFIV0,,
GUNS4LIF,,
H3LLBUS,,
H8TER,,
HA8TR,,
HELZYES,,
HEXYEBO,,
HIH8TR,,
HITDBCH,,
HOGHO,,
HOOKRS,,
HVABUD,,
HYE4L1FE,,
HYE4LIFE,,
I111111I,,
I1111III,,
I11III,,
I1I1II,,
I338,,
I5,,
IBEE6UB9,,
IHA8TMYX,,
II111III,,
II1III1I,,
III1II1I,,
IIII1I1I,,
IIII1II,,
IIII1III,,
IIIII11I,,
IIIIII11,,
IIIIII1I,,
IKILFISH,,
IKUKU,,
ILOV69,,
ILOV691N,,
ILOV69IN,,
ILOVSX,,
ILUV69IN,,
IMHUNTY,,
IMPEACH,,
IN269,,
INDIAN,,
IO,,
IOIIOI,,
IRELOAD,,
ISIS5821,,
IX1XIX1X,,
J0ANG3,,
J0HN95,,
JACKMEOF,,
JAKME0FF,,
JAKMEOFF,,
JALDEAN,,
JFNY,,
JKMEOFF,,
JRKMEOF,,
JRKMEOFF,,
JUICYV,,
K1SMYARS,,
KAISHAKU,,
KISMYARS,,
KISMYRS,,
KOLT45,,
KSSMYGAS,,
KUNT,,
KXKKXX,,
KXKKXXXK,,
KXKXKK,,
KXKXKXK,,
KXXXKX,,
KYSMYARS,,
KYSMYRS,,
KZMYSS,,
KZMYZZ,,
L0CKNL0D,,
L0CKNLOD,,
L0CNL0D,,
L0CNL0DE,,
L0CNLODE,,
L0KNL0WD,,
L0KNLOWD,,
L0VDMB,,
L0VEYA,,
L0WH0E,,
L0WHOE,,
L160452,,
L78BEOCH,,
LAN3GRA,,
LIMO83,,
LIQAMADQ,,
LISA000,,
LKNL0D,,
LKNL0DE,,
LKNLOD,,
LMAO8U,,
LMFAOV8,,
LOCNL0D,,
LOCNL0DE,,
LOCNLOAD,,
LOCNLOD,,
LOCNLODE,,
LOKNL0WD,,
LOKNLOAD,,
LOKNLODE,,
LOKNLOWD,,
LOLI8U,,
LOVEGUNS,,
LOVESX,,
LOVGUNS,,
LOVSX,,
LOWH0E,,
LOWHOE,,
LS1OMFG,,
LUV69,,
LUVGUNS,,
LUVSX,,
LWNSL0,,
M1LE0,,
MD8555,,
MD99422,,
MEDICI,,
MFMH,,
MFMONSTA,,
MI17IP,,
MISTERDK,,
MOBWIVE,,
MOOBECH,,
MP,,
MPANYC,,
MRLIQOR,,
MYKNIPLE,,
N1GAPLEZ,,
N1GAPLZ,,
NBEE0N,,
NEEBET,,
NEGRES,,
NGAPLEZ,,
NIGAPLEZ,,
NIGAPLZ,,
NOFAQU2,,
NOFATCIX,,
NOFRKNWY,,
NOSCH1T,,
NRA2A,,
NY00008,,
NY3364PD,,
NYCJUDGE,,
NYCTA911,,
NYDP01,,
NYHCMOFO,,
NYII,,
NYJF,,
NYP34D,,
NYPBA112,,
NYPCAM,,
NYPV11,,
O0O0OH,,
O2O212,,
O3,,
O333,,
O5DCM,,
O82125,,
O95,,
OBES1TY,,
ODARK30,,
ODARK3O,,
ODDODODO,,
OHBALZ,,
OHCHIT,,
OI3,,
OIOOIO,,
OOO123,,
OPT1M1ST,,
OXYEHHO,,
OZ28O,,
PAC007,,
PAKIBOY,,
PERV,,
PHCKT,,
PHOK1T,,
PHOKIT,,
PHYUCKU,,
PINKPSSY,,
PLESBE18,,
PLSB18,,
PLSBE18,,
PMPELO,,
PNESS,,
PNKPSSY,,
POOT1E,,
POOTNANY,,
PU88Y,,
PU88YWGN,,
PU8YWAGN,,
PU8YWGN,,
PUSMAG,,
PUSZ,,
R0SE,,
R1CEISM,,
R63059,,
RANDPAUL,,
RAWDAWGN,,
RAWDHEAD,,
RAWDWG,,
REALNSX,,
REDNCK,,
RELAXN69,,
RICANS,,
ROFLMFAO,,
ROLLINAJ,,
RRTARD,,
RU0VR18,,
RU0VRI8,,
RU18,,
RU18YET,,
RU18YT,,
RU69N,,
RUCKU,,
RUMDUM,,
RUOVR18,,
RUOVRI8,,
RUWET,,
RUWETT,,
RUWETTT,,
RY0U18,,
RY0UWET,,
RYOU18,,
RYOUWET,,
RYOUWETT,,
S0S1KH,,
S1MM0NS,,
S55S55S,,
S5S5SS5,,
S8NSCHLD,,
SAMBUKAA,,
SATANSON,,
SC0TTI,,
SCHWAGON,,
SCOOLBUS,,
SCPD2,,
SEEG0LI,,
SHAGEM,,
SHAGLIFE,,
SHAGMOBL,,
SHE69ME,,
SHESWET,,
SHOOT1ST,,
SICKBICH,,
SIL0KIN,,
SKIH2O,,
SKRILLEX,,
SKUMBAGG,,
SLAMHER,,
SMARDAZ,,
SOV1ET,,
SOVIET,,
SPREADEM,,
STICUP,,
STILMFAO,,
STOOGATZ,,
STP0FF,,
STR0KM3,,
STROK3ME,,
STROKM3,,
STROKME,,
STUGATTS,,
STUGOT5,,
STUGOTSZ,,
SUQMADIQ,,
SW41,,
SW500M,,
SWOLE,,
SXMCHN,,
T5974C,,
TB0HN,,
TEABAG,,
TEBAGD,,
THETAINT,,
TKO538,,
TKO539,,
TKO540,,
TPDWNBCH,,
TSS3X,,
U18Y3T,,
U18YET,,
UME69,,
UR0UT,,
URABOOB,,
USCIA,,
UZIBOY,,
VAS891,,
VBRTER,,
VYVVXXKX,,
WARMACH,,
WHATDAFC,,
WHOSDTF,,
WLHNG,,
WNYC,,
WOLF00,,
WOODHOE,,
WTEBOY,,
WTHLMAO,,
WTRBORDR,,
XBONER,,
XKKXXK,,
XKXKXKX,,
XKXKXKXK,,
XL0SX,,
XNXNXNXN,,
XXKXXKXX,,
YABISH,,
YAYO,,
YE0NEZ,,
YODA50,,
YOUR0UT,,
Z777Z,,
ZKKZKZKZ,,
