PLATE CONFIGURATION,,,FINAL REVIEW BIO,,,,FINAL REVIEW CAO,COMMENTS,COMPLETED
00MGWTF,,,R,,,,U,,7/30/2021
01D FART,,,R,,,,U,,6/22/2021
0FX6VN,,,R,,,,U,,11/30/2021
0FXGVN,,,R,,,,U,,4/21/2021
0HUFFDA,,,R,,,,U,,10/28/2021
0MW2FMW,,,R,,,,U,,5/26/2021
0MW2FU8,,,R,,,,U,,10/28/2021
0MW2FYD,,,R,,,,U,,7/30/2021
0MW2FYD,,,R,,,,U,,7/30/2021
0MW2FYM,,,R,,,,U,,9/29/2021
0MW2FYM,,,R,,,,U,,9/29/2021
0MW2FYW,,,R,,,,U,,10/6/2021
0MWMF,,,R,,,,U,,6/22/2021
0MWTF,,,R,,,,U,,2/26/2021
0MWTFMW,,,R,,,,U,,3/11/2021
0MWTFYC,,,R,,,,U,,11/30/2021
0MWTFYD,,,R,,,,U,,7/30/2021
0MWTFYD,,,R,,,,U,,7/30/2021
0MWTFYH,,,R,,,,U,,1/13/2021
0MY2FUB,,,R,,,,U,,3/11/2021
0NEMF,,,R,,,,U,,6/22/2021
0PNWDE,,,R,,,,U,,7/23/2021
0RDGY,,,R,,,,U,,11/30/2021
0SH8T,,,R,,,,U,,7/30/2021
0SH8T,,,R,,,,U,,7/30/2021
0UTTAFX,,,R,,,,U,,10/28/2021
13MF,,,R,,,,U,,7/30/2021
13MF,,,R,,,,U,,7/30/2021
1ANGRYB,,,R,,,,U,,6/22/2021
1BSHT,,,R,,,,U,,9/29/2021
1BSHT,,,R,,,,U,,9/29/2021
1DGAF,,,R,,,,U,,9/29/2021
1DGAF,,,R,,,,U,,9/29/2021
1FKNCER,,,R,,,,U,,11/30/2021
1FRMF,,,R,,,,U,,6/22/2021
1MILF,,,R,,,,U,,11/30/2021
1REDRUM,,,R,,,,U,,3/17/2021
1SHTB0X,,,R,,,,U,,2/26/2021
1SSA,,,R,,,,U,,6/22/2021
1TITAWT,,,R,,,,U,,7/30/2021
1TITAWT,,,R,,,,U,,7/30/2021
1TITI,,,R,,,,U,,8/6/2021
2020WTF,,,R,,,,U,,1/13/2021
2DEEPNU,,,R,,,,U,,1/13/2021
2Q2CUM,,,R,,,,U,,11/5/2021
310HSSA,,,R,,,,U,,11/5/2021
3J0HSSA,,,R,,,,U,,11/30/2021
4EVER69,,,R,,,,U,,1/7/2022
4FUXAKE,,,R,,,,U,,6/22/2021
4FXSAKE,,,R,,,,U,,9/29/2021
4FXSAKE,,,R,,,,U,,9/29/2021
4L0H0,,,R,,,,U,,9/29/2021
4L0H0,,,R,,,,U,,9/29/2021
4UTCKIT,,,R,,,,U,,7/30/2021
4UTCKIT,,,R,,,,U,,7/30/2021
5H0E,,,R,,,,U,,9/29/2021
5H0E,,,R,,,,U,,9/29/2021
63MFR,,,R,,,,U,,4/2/2021
69L0L,,,R,,,,U,,10/28/2021
69MEL,,,R,,,,U,,11/5/2021
69NM0RE,,,R,,,,U,,6/22/2021
6BANG3R,,,R,,,,U,,10/20/2021
6P0RN9,,,R,,,,U,,1/10/2022
8HLN0,,,R,,,,U,,7/23/2021
958WTF,,,R,,,,U,,1/13/2021
A22MANN,,,R,,,,U,,5/6/2021
A2Z4ME,,,R,,,,U,,8/6/2021
A555A,,,R,,,,U,,1/13/2021
A55ETR,,,R,,,,U,,11/30/2021
ADHDAF,,,R,,,,U,,1/7/2022
AHHS0B,,,R,,,,U,,7/23/2021
APESH1T,,,R,,,,U,,10/6/2021
AS5MN,,,R,,,,U,,7/23/2021
ASSLN,,,R,,,,U,,1/10/2022
ASSMANN,,,R,,,,U,,2/26/2021
AWSHAT,,,R,,,,U,,6/22/2021
AYYLMA0,,,R,,,,U,,11/30/2021
AZZTRAY,,,R,,,,U,,3/11/2021
B00B5,,,R,,,,U,,10/28/2021
B0UJEAF,,,R,,,,U,,1/10/2022
B1TCH,,,R,,,,U,,7/30/2021
B1TCH,,,R,,,,U,,7/30/2021
B4DA5S,,,R,,,,U,,1/13/2021
BADAZZ2,,,R,,,,U,,9/29/2021
BADAZZ2,,,R,,,,U,,9/29/2021
BADDA5S,,,R,,,,U,,7/30/2021
BADDA5S,,,R,,,,U,,7/30/2021
BASTARD,,,R,,,,U,,3/17/2021
BBQAF,,,R,,,,U,,11/30/2021
BCHINK,,,R,,,,U,,9/29/2021
BCHINK,,,R,,,,U,,9/29/2021
BCHYN,,,R,,,,U,,7/23/2021
BCKTFUP,,,R,,,,U,,10/28/2021
BDDFC69,,,R,,,,U,,11/30/2021
BDZAT0Y,,,R,,,,U,,10/28/2021
BIGAZUL,,,R,,,,U,,6/22/2021
BIGDIKN,,,R,,,,U,,3/11/2021
BIGWAP,,,R,,,,U,,1/13/2021
BL0EM,,,R,,,,U,,2/26/2021
BLWS,,,R,,,,U,,8/6/2021
BRA55,,,R,,,,U,,7/23/2021
BTSNH0S,,,R,,,,U,,9/29/2021
BTSNH0S,,,R,,,,U,,9/29/2021
BUGGA69,,,R,,,,U,,5/26/2021
BULLSHT,,,R,,,,U,,5/26/2021
BULLYAF,,,R,,,,U,,1/13/2021
BUS NUTZ,,,R,,,,U,,1/7/2022
BUTNUG,,,R,,,,U,,1/13/2021
BYBCH,,,R,,,,U,,5/26/2021
BYEH0E,,,R,,,,U,,10/28/2021
C00NAZZ,,,R,,,,U,,2/26/2021
C0C1,,,R,,,,U,,1/7/2022
CLEFUX,,,R,,,,U,,7/30/2021
CLEFUX,,,R,,,,U,,7/30/2021
CLSKASS,,,R,,,,U,,2/26/2021
CRÈME,,,R,,,,U,,11/5/2021
CRMSKLE,,,R,,,,U,,10/28/2021
CUBAN69,,,R,,,,U,,6/22/2021
CUCHI-28,,,R,,,,U,,7/23/2021
CUFFA,,,R,,,,U,,8/6/2021
CUMMIN,,,R,,,,U,,1/13/2021
CUMZZ,,,R,,,,U,,3/19/2021
CUTABCH,,,R,,,,U,,10/6/2021
CUTU2,,,R,,,,U,,11/30/2021
DAFAH0,,,R,,,,U,,7/30/2021
DAFAH0,,,R,,,,U,,7/30/2021
DAH0E5,,,R,,,,U,,1/7/2022
DAMG00D,,,R,,,,U,,7/23/2021
DAMYANK,,,R,,,,U,,7/23/2021
DASHT,,,R,,,,U,,11/5/2021
DD69,,,R,,,,U,,3/11/2021
DE2NUT5,,,R,,,,U,,3/11/2021
DEADAF,,,R,,,,U,,1/13/2021
DEP1NGA,,,R,,,,U,,5/26/2021
DERCUM,,,R,,,,U,,5/6/2021
DEZNUTS,,,R,,,,U,,3/11/2021
DIGIASS,,,R,,,,U,,4/2/2021
DIMEH0E,,,R,,,,U,,3/17/2021
DNCNKD,,,R,,,,U,,1/13/2021
DNKYDIK,,,R,,,,U,,7/30/2021
DNKYDIK,,,R,,,,U,,7/30/2021
DP1NGA,,,R,,,,U,,6/22/2021
DR69,,,R,,,,U,,2/26/2021
DRUGMAN,,,R,,,,U,,6/22/2021
DRVNAKD,,,R,,,,U,,4/2/2021
DWIGUY,,,R,,,,U,,9/29/2021
DWIGUY,,,R,,,,U,,9/29/2021
DZFNGUY,,,R,,,,U,,6/22/2021
DZZNUTS,,,R,,,,U,,10/28/2021
DZZZNUT,,,R,,,,U,,6/22/2021
EADMF,,,R,,,,U,,11/30/2021
EATJIN,,,R,,,,U,,10/28/2021
EC01AF,,,R,,,,U,,1/10/2022
EC5TA5Y,,,R,,,,U,,11/30/2021
EFDUP,,,R,,,,U,,5/26/2021
EFF1T,,,R,,,,U,,2/26/2021
EFFUW,,,R,,,,U,,2/26/2021
EFNSHWT,,,R,,,,U,,7/30/2021
EFNSHWT,,,R,,,,U,,7/30/2021
EXSTACY,,,R,,,,U,,1/13/2021
EZ2CME,,,R,,,,U,,1/10/2022
F0DASS,,,R,,,,U,,1/13/2021
F15EX,,,R,,,,U,,7/30/2021
F15EX,,,R,,,,U,,7/30/2021
F4STAF,,,R,,,,U,,4/2/2021
F80MB,,,R,,,,U,,11/30/2021
FAAART,,,R,,,,U,,1/13/2021
FACUU,,,R,,,,U,,3/11/2021
FACUZ,,,R,,,,U,,3/11/2021
FAKAWI,,,R,,,,U,,9/29/2021
FAKAWI,,,R,,,,U,,9/29/2021
FAQCNCR,,,R,,,,U,,9/29/2021
FAQCNCR,,,R,,,,U,,9/29/2021
FARTMAN,,,R,,,,U,,2/26/2021
FATAF,,,R,,,,U,,3/19/2021
FBI777,,,R,,,,U,,9/29/2021
FBI777,,,R,,,,U,,9/29/2021
FBIDEN,,,R,,,,U,,1/7/2022
FBIVG,,,R,,,,U,,1/10/2022
FCK46,,,R,,,,U,,9/29/2021
FCK46,,,R,,,,U,,9/29/2021
FCKCNCR,,,R,,,,U,,11/30/2021
FCKNZS,,,R,,,,U,,2/26/2021
FFAUCI,,,R,,,,U,,10/28/2021
FFKNRGR,,,R,,,,U,,3/19/2021
FGAS3,,,R,,,,U,,10/28/2021
FGIT,,,R,,,,U,,11/5/2021
FI5TR,,,R,,,,U,,10/28/2021
FJBIDN,,,R,,,,U,,10/28/2021
FK8BR02,,,R,,,,U,,7/30/2021
FK8BR02,,,R,,,,U,,7/30/2021
FK8JAY,,,R,,,,U,,10/6/2021
FK8JAY,,,R,,,,U,,9/29/2021
FKATF,,,R,,,,U,,8/6/2021
FKB0I,,,R,,,,U,,3/11/2021
FKB0Y,,,R,,,,U,,10/6/2021
FKBDN,,,R,,,,U,,10/6/2021
FKDIET,,,R,,,,U,,3/17/2021
FKGAS,,,R,,,,U,,1/10/2022
FKINFST,,,R,,,,U,,1/13/2021
FKKIT,,,R,,,,U,,2/26/2021
FKN1996,,,R,,,,U,,5/26/2021
FKNAAY,,,R,,,,U,,7/23/2021
FKNEH,,,R,,,,U,,3/11/2021
FKNLGND,,,R,,,,U,,1/13/2021
FKNW8,,,R,,,,U,,7/30/2021
FKNW8,,,R,,,,U,,7/30/2021
FKS0,,,R,,,,U,,11/5/2021
FKSLTLF,,,R,,,,U,,1/7/2022
FKURS,,,R,,,,U,,4/2/2021
FLEET69,,,R,,,,U,,2/26/2021
FLL69,,,R,,,,U,,3/19/2021
FN UP,,,R,,,,U,,6/22/2021
FNAF,,,R,,,,U,,1/7/2022
FNBDASS,,,R,,,,U,,3/19/2021
FNBNZ,,,R,,,,U,,11/30/2021
FNCYAF,,,R,,,,U,,1/7/2022
FNM0VE,,,R,,,,U,,4/21/2021
FNSNDIT,,,R,,,,U,,3/11/2021
FNWAY19,,,R,,,,U,,11/30/2021
FTBSTRD,,,R,,,,U,,2/26/2021
FU0PEC,,,R,,,,U,,7/30/2021
FU2020,,,R,,,,U,,2/26/2021
FU46,,,R,,,,U,,7/23/2021
FUBDN,,,R,,,,U,,3/19/2021
FUBDN18,,,R,,,,U,,10/20/2021
FUBUI,,,R,,,,U,,1/7/2022
FUCITT,,,R,,,,U,,10/20/2021
FUCNCER,,,R,,,,U,,7/30/2021
FUCNCER,,,R,,,,U,,7/30/2021
FUCU12,,,R,,,,U,,1/13/2021
FUD0G,,,R,,,,U,,7/30/2021
FUD0G,,,R,,,,U,,7/30/2021
FUERD,,,R,,,,U,,7/30/2021
FUERD,,,R,,,,U,,7/30/2021
FUF2,,,R,,,,U,,3/11/2021
FUGGIN,,,R,,,,U,,2/26/2021
FUGGUM,,,R,,,,U,,1/13/2021
FUGLF,,,R,,,,U,,8/6/2021
FUGU2,,,R,,,,U,,3/11/2021
FUHQ1T,,,R,,,,U,,3/11/2021
FUI,,,R,,,,U,,7/30/2021
FUI,,,R,,,,U,,7/30/2021
FUI1,,,R,,,,U,,11/5/2021
FUJ0E,,,R,,,,U,,10/20/2021
FUJB,,,R,,,,U,,11/30/2021
FUJJ,,,R,,,,U,,1/7/2022
FUKAWI,,,R,,,,U,,5/6/2021
FUMAG,,,R,,,,U,,6/22/2021
FUNJZI,,,R,,,,U,,11/30/2021
FUPA,,,R,,,,U,,3/19/2021
FUQ0PEC,,,R,,,,U,,7/23/2021
FX0BX,,,R,,,,U,,7/30/2021
FX0BX,,,R,,,,U,,7/30/2021
G02ASHT,,,R,,,,U,,5/6/2021
GASGTF0,,,R,,,,U,,6/22/2021
GASWTF,,,R,,,,U,,4/2/2021
GAYAF1,,,R,,,,U,,7/23/2021
GENNA69,,,R,,,,U,,5/26/2021
GETHI,,,R,,,,U,,7/23/2021
GLFKD,,,R,,,,U,,10/28/2021
GM0F0KA,,,R,,,,U,,7/23/2021
GR8A55,,,R,,,,U,,7/30/2021
GR8A55,,,R,,,,U,,7/30/2021
GREENAF,,,R,,,,U,,10/6/2021
GREENAF,,,R,,,,U,,9/29/2021
GTFGU,,,R,,,,U,,11/30/2021
H03SMAD,,,R,,,,U,,11/30/2021
H0EDN1,,,R,,,,U,,6/22/2021
H0ESMAD,,,R,,,,U,,11/30/2021
H0ETRAM,,,R,,,,U,,8/6/2021
H0EZMAD,,,R,,,,U,,2/26/2021
H0H0,,,R,,,,U,,6/22/2021
H0LNASS,,,R,,,,U,,5/26/2021
H0LYAF,,,R,,,,U,,11/5/2021
H0LYSH,,,R,,,,U,,10/6/2021
H0NKY,,,R,,,,U,,1/10/2022
H0TSX,,,R,,,,U,,11/30/2021
H0YEAH,,,R,,,,U,,7/30/2021
H0YEAH,,,R,,,,U,,7/30/2021
HAFN8KD,,,R,,,,U,,1/13/2021
HAILNAH,,,R,,,,U,,10/6/2021
HAILNAH,,,R,,,,U,,9/29/2021
HANDYAF,,,R,,,,U,,5/6/2021
HELNAW,,,R,,,,U,,1/7/2022
HLNA55,,,R,,,,U,,1/7/2022
HMYA55,,,R,,,,U,,7/23/2021
HMYA55,,,R,,,,U,,7/23/2021
HNTI69,,,R,,,,U,,5/26/2021
HUKA1,,,R,,,,U,,11/30/2021
ICU69,,,R,,,,U,,3/11/2021
IEATASS,,,R,,,,U,,1/7/2022
IFART,,,R,,,,U,,10/6/2021
IFART,,,R,,,,U,,9/29/2021
IFKNDID,,,R,,,,U,,5/6/2021
IFU1IT,,,R,,,,U,,10/6/2021
IFU1IT,,,R,,,,U,,9/29/2021
IFXDX,,,R,,,,U,,1/10/2022
IGAF,,,R,,,,U,,3/19/2021
IH8BDN,,,R,,,,U,,5/26/2021
IH8CHU,,,R,,,,U,,3/11/2021
IKSH1TA,,,R,,,,U,,7/23/2021
IKSHITA,,,R,,,,U,,1/13/2021
ILUV69U,,,R,,,,U,,1/13/2021
ITFU2,,,R,,,,U,,7/30/2021
ITFU2,,,R,,,,U,,7/30/2021
ITZHARD,,,R,,,,U,,6/22/2021
J0EMFJ,,,R,,,,U,,10/28/2021
J0LLYAF,,,R,,,,U,,11/30/2021
J69P,,,R,,,,U,,11/30/2021
JAXH0E,,,R,,,,U,,10/6/2021
JAXH0E,,,R,,,,U,,9/29/2021
JEEPAF,,,R,,,,U,,10/6/2021
JEEPAF,,,R,,,,U,,9/29/2021
JEFFUFU,,,R,,,,U,,2/26/2021
JENN69,,,R,,,,U,,10/6/2021
JENN69,,,R,,,,U,,9/29/2021
JEWCAT,,,R,,,,U,,11/30/2021
JWGACY,,,R,,,,U,,6/22/2021
K9DGAF,,,R,,,,U,,1/7/2022
KET0AF,,,R,,,,U,,5/6/2021
KIKAZZZ,,,R,,,,U,,3/11/2021
KLLER,,,R,,,,U,,5/26/2021
KLLR,,,R,,,,U,,6/22/2021
KLL-R,,,R,,,,U,,6/22/2021
KSMYBT,,,R,,,,U,,10/6/2021
KUCHY,,,R,,,,U,,6/22/2021
LAMF,,,R,,,,U,,6/22/2021
LARKY69,,,R,,,,U,,10/28/2021
LASFMIA,,,R,,,,U,,11/5/2021
LATEAF,,,R,,,,U,,11/5/2021
LDYBTCH,,,R,,,,U,,7/30/2021
LDYBTCH,,,R,,,,U,,7/30/2021
LIGMA69,,,R,,,,U,,5/26/2021
LILBCH,,,R,,,,U,,6/22/2021
LILTURD,,,R,,,,U,,1/13/2021
LMA000,,,R,,,,U,,1/13/2021
LMFAMP0,,,R,,,,U,,10/6/2021
LMFAMP0,,,R,,,,U,,9/29/2021
LRP69,,,R,,,,U,,7/30/2021
LRP69,,,R,,,,U,,7/30/2021
LUCKYAF,,,R,,,,U,,3/17/2021
M0RFNPZ,,,R,,,,U,,10/6/2021
M1LFS,,,R,,,,U,,10/6/2021
M3TH,,,R,,,,U,,3/17/2021
MAGAAF,,,R,,,,U,,6/22/2021
MARKASS,,,R,,,,U,,6/22/2021
MASH0L,,,R,,,,U,,5/26/2021
MAZLDIK,,,R,,,,U,,1/13/2021
MF4WHAT,,,R,,,,U,,1/13/2021
MFA4U,,,R,,,,U,,1/7/2022
MFD00M,,,R,,,,U,,10/6/2021
MFD00M,,,R,,,,U,,9/29/2021
MFTH0,,,R,,,,U,,1/7/2022
MILF5,,,R,,,,U,,11/30/2021
MIMIFX,,,R,,,,U,,11/30/2021
MRA55,,,R,,,,U,,7/23/2021
MRHUGE,,,R,,,,U,,1/7/2022
MTPNY69,,,R,,,,U,,1/13/2021
MVP469,,,R,,,,U,,6/22/2021
MYBTCH,,,R,,,,U,,7/23/2021
MYSPLIT,,,R,,,,U,,10/6/2021
MYSPLIT,,,R,,,,U,,9/29/2021
MYTRDS,,,R,,,,U,,11/5/2021
N04N5HT,,,R,,,,U,,6/22/2021
N0THUNG,,,R,,,,U,,6/22/2021
NAUTIAF,,,R,,,,U,,10/6/2021
NAUTIAF,,,R,,,,U,,9/29/2021
NE6R0,,,R,,,,U,,8/6/2021
NE6RA,,,R,,,,U,,2/15/2021
NE6RITA,,,R,,,,U,,7/30/2021
NE6RITA,,,R,,,,U,,7/30/2021
NERDYAF,,,R,,,,U,,1/13/2021
NGR07,,,R,,,,U,,7/23/2021
NSHTY,,,R,,,,U,,3/17/2021
NUTNI0U,,,R,,,,U,,11/30/2021
NUTS2,,,R,,,,U,,1/13/2021
NUTZA,,,R,,,,U,,10/6/2021
NUTZA,,,R,,,,U,,9/29/2021
NUUUUTS,,,R,,,,U,,10/20/2021
P5YWGN,,,R,,,,U,,7/23/2021
P6FKN9R,,,R,,,,U,,1/13/2021
PENIX14,,,R,,,,U,,10/6/2021
PENIX14,,,R,,,,U,,9/29/2021
PFKNR7,,,R,,,,U,,6/22/2021
PH0K0F,,,R,,,,U,,8/6/2021
PH0KYU,,,R,,,,U,,2/26/2021
PHATH0E,,,R,,,,U,,10/20/2021
PHATQTU,,,R,,,,U,,1/7/2022
PHKINEH,,,R,,,,U,,10/20/2021
PHKLUZN,,,R,,,,U,,2/26/2021
PHKNGS,,,R,,,,U,,5/26/2021
PHQU,,,R,,,,U,,6/22/2021
PHTAZZ,,,R,,,,U,,2/26/2021
PHUCK0F,,,R,,,,U,,6/22/2021
PISSAH,,,R,,,,U,,3/19/2021
PISSTA,,,R,,,,U,,3/19/2021
PIZ0N69,,,R,,,,U,,6/22/2021
PLSGFYS,,,R,,,,U,,2/15/2021
PNSFXR,,,R,,,,U,,10/28/2021
PRNHUB,,,R,,,,U,,4/2/2021
PRTYMF,,,R,,,,U,,6/22/2021
PUESSI,,,R,,,,U,,3/11/2021
PUL0UT,,,R,,,,U,,7/30/2021
PUL0UT,,,R,,,,U,,7/30/2021
PUSIB0I,,,R,,,,U,,3/17/2021
PYR8DK2,,,R,,,,U,,1/7/2022
QSNTME,,,R,,,,U,,6/21/2021
R0SES69,,,R,,,,U,,2/26/2021
RATSAZZ,,,R,,,,U,,11/30/2021
RAYLMF,,,R,,,,U,,5/6/2021
RAYPE,,,R,,,,U,,1/10/2022
RCD69,,,R,,,,U,,1/7/2022
RDNKSHT,,,R,,,,U,,3/17/2021
RICEDAF,,,R,,,,U,,10/20/2021
RIDNGU,,,R,,,,U,,10/28/2021
RMFTDE,,,R,,,,U,,1/13/2021
RUDUM,,,R,,,,U,,2/26/2021
RUPAFU,,,R,,,,U,,2/26/2021
RUWETT,,,R,,,,U,,2/26/2021
RYLB1CH,,,R,,,,U,,10/28/2021
S0BR0CK,,,R,,,,U,,7/30/2021
S0BR0CK,,,R,,,,U,,7/30/2021
S10WAF,,,R,,,,U,,10/6/2021
S10WAF,,,R,,,,U,,9/29/2021
SABA555,,,R,,,,U,,1/13/2021
SADIST,,,R,,,,U,,7/30/2021
SADIST,,,R,,,,U,,7/30/2021
SAFMF,,,R,,,,U,,1/10/2022
SAFU,,,R,,,,U,,3/19/2021
SASSU,,,R,,,,U,,10/28/2021
SATN LVS,,,A,,,,U,,3/24/2021
SAVY69,,,R,,,,U,,10/6/2021
SAVY69,,,R,,,,U,,9/29/2021
SCREWIT,,,R,,,,U,,4/2/2021
SH1TB0X,,,R,,,,U,,2/26/2021
SH1TSHW,,,R,,,,U,,11/30/2021
SH1TV1C,,,R,,,,U,,2/26/2021
SHITB0X,,,R,,,,U,,7/30/2021
SHITB0X,,,R,,,,U,,7/30/2021
SHITSHW,,,R,,,,U,,11/30/2021
SHTB0X1,,,R,,,,U,,1/7/2022
SHTFRE,,,R,,,,U,,3/19/2021
SHTH0T,,,R,,,,U,,1/10/2022
SHTRFU1,,,R,,,,U,,10/6/2021
SIDBTCH,,,R,,,,U,,2/26/2021
SIDTH0T,,,R,,,,U,,7/23/2021
SIFUK,,,R,,,,U,,1/13/2021
SISTASS,,,R,,,,U,,1/13/2021
SJP469,,,R,,,,U,,6/22/2021
SKYBALS,,,R,,,,U,,1/13/2021
SL0WAF8,,,R,,,,U,,5/26/2021
SL0WMF,,,R,,,,U,,2/26/2021
SL0WP0S,,,R,,,,U,,6/22/2021
SLWASF,,,R,,,,U,,6/22/2021
SMDMF,,,R,,,,U,,5/26/2021
SMLPTR,,,R,,,,U,,11/5/2021
SSA406,,,R,,,,U,,8/6/2021
STR8SHT,,,R,,,,U,,5/26/2021
SUCIT,,,R,,,,U,,1/13/2021
SUCKA,,,R,,,,U,,1/7/2022
SUIC1D3,,,R,,,,U,,1/7/2022
SUSAF,,,R,,,,U,,11/30/2021
SV69,,,R,,,,U,,1/7/2022
SXYMF,,,R,,,,U,,6/22/2021
SXYTM,,,R,,,,U,,1/10/2022
T BUNDY,,,R,,,,U,,6/22/2021
T1T1K,,,R,,,,U,,11/30/2021
T1TT135,,,R,,,,U,,11/30/2021
T8RTIT,,,R,,,,U,,11/30/2021
TAXDCK,,,R,,,,U,,5/6/2021
TDI69,,,R,,,,U,,1/7/2022
TH0R69,,,R,,,,U,,5/6/2021
TH0TH4,,,R,,,,U,,7/30/2021
TH0TH4,,,R,,,,U,,7/30/2021
TH0TWGN,,,R,,,,U,,4/2/2021
THASS,,,R,,,,U,,5/26/2021
THATA55,,,R,,,,U,,2/26/2021
THEFBI,,,R,,,,U,,2/26/2021
TIGHTV,,,R,,,,U,,5/26/2021
TITI23,,,R,,,,U,,10/20/2021
TITSNAS,,,R,,,,U,,5/6/2021
TRICE69,,,R,,,,U,,4/2/2021
TU-NUTS,,,R,,,,U,,5/6/2021
U1ZAH0E,,,R,,,,U,,3/11/2021
UBSTRDS,,,R,,,,U,,7/30/2021
UBSTRDS,,,R,,,,U,,7/30/2021
UFLCK,,,R,,,,U,,7/30/2021
UFLCK,,,R,,,,U,,7/30/2021
USAMF,,,R,,,,U,,7/23/2021
USEXYFM,,,R,,,,U,,10/28/2021
VNASTY,,,R,,,,U,,6/22/2021
W4IFU,,,R,,,,U,,5/26/2021
WAIFUWU,,,R,,,,U,,7/23/2021
WAP69,,,R,,,,U,,2/26/2021
WASSZUP,,,R,,,,U,,7/30/2021
WASSZUP,,,R,,,,U,,7/30/2021
WDSHT,,,R,,,,U,,6/22/2021
WETSP0TT,,,R,,,,U,,2/26/2021
WHTRA5H,,,R,,,,U,,7/30/2021
WHTRA5H,,,R,,,,U,,7/30/2021
WIN0SXD,,,R,,,,U,,6/22/2021
WTF11,,,R,,,,U,,11/30/2021
WTF2020,,,R,,,,U,,1/13/2021
WTF305,,,R,,,,U,,10/6/2021
WTF46,,,R,,,,U,,11/5/2021
WTFRUNK,,,R,,,,U,,1/7/2022
WTFTIM,,,R,,,,U,,11/30/2021
WTFXB,,,R,,,,U,,1/7/2022
X69,,,R,,,,U,,10/28/2021
XTA5Y,,,R,,,,U,,11/30/2021
XXX69,,,R,,,,U,,11/5/2021
Y0UF1,,,R,,,,U,,1/7/2022
YA5SS,,,R,,,,U,,2/26/2021
YANET69,,,R,,,,U,,5/6/2021
YASSM,,,R,,,,U,,8/6/2021
YASSQWN,,,R,,,,U,,1/13/2021
YRUGAY,,,R,,,,U,,7/30/2021
YRUGAY,,,R,,,,U,,7/30/2021
Z0SEX,,,R,,,,U,,11/30/2021
